RA,DEC,z,M500
0.03,8.274,0.0396,0.7373
0.103,-2.625,0.0379,0.3297
0.412,-15.681,0.1246,1.6557
0.488,12.073,0.2033,2.6927
0.799,-6.086,0.232,5.2188
0.801,-35.927,0.049,1.2016
0.961,2.063,0.0924,1.7342
1.247,11.701,0.0761,1.3009
1.344,16.211,0.1164,2.4929
1.513,-34.724,0.1147,2.7122
1.591,10.868,0.1698,2.9941
2.237,41.177,0.1537,2.8963
2.444,-35.275,0.05,0.8728
2.836,-28.855,0.062,2.0611
2.928,-15.389,0.378,7.2
2.935,32.417,0.1073,3.3785
3.409,-19.502,0.094,2.1818
3.577,-66.077,0.1599,3.4455
3.578,-30.383,0.3066,7.3614
3.583,8.9,0.163,2.7218
3.85,-23.845,0.0645,0.9884
3.983,16.249,0.083,0.9638
4.082,-31.365,0.0805,1.2607
4.189,6.774,0.0833,0.9629
4.39,-35.165,0.0968,1.5291
4.641,16.438,0.5456,7.7847
4.766,-20.438,0.2773,4.7634
4.913,25.291,0.1353,2.3266
5.044,0.092,0.2124,1.3975
5.142,-49.228,0.0711,0.873
5.17,28.675,0.094,2.389
5.179,-25.71,0.141,3.5275
5.4,28.051,0.0948,1.8782
5.514,4.377,0.407,1.0815
5.775,4.354,0.453,1.2496
6.015,-17.076,0.189,2.2757
6.133,33.209,0.226,3.3939
6.372,-12.377,0.5843,4.6232
6.385,-33.047,0.0491,1.2872
6.699,5.024,0.2529,0.8595
6.839,-50.251,0.1448,2.9603
6.957,26.274,0.3668,5.6843
7.164,-23.637,0.112,2.3285
7.256,7.703,0.17,1.653
7.461,13.504,0.251,1.511
7.64,26.304,0.5,2.6037
7.657,-24.181,0.1382,1.6278
8.558,-2.075,0.0822,2.193
8.65,-2.14,0.0812,2.2202
8.859,-20.263,0.352,10.2
8.997,85.221,0.8317,2.1397
9.149,25.744,0.0341,0.4869
9.272,9.153,0.2546,5.9801
9.363,-28.531,0.105,1.3146
9.9,21.239,0.0619,0.7517
10.002,6.818,0.0395,0.9933
10.027,-56.117,0.0277,0.4058
10.114,29.559,0.0712,1.8872
10.293,-23.659,0.112,0.313
10.446,21.414,0.1014,1.9071
10.459,-9.302,0.0555,5.3163
10.536,-28.536,0.1082,3.5046
10.852,-20.621,0.2924,5.3663
10.967,24.402,0.083,2.8014
11.328,-29.401,0.257,1.6259
11.438,-25.262,0.112,0.8427
11.581,85.516,0.6241,2.6212
12.158,-21.247,0.0581,0.9497
12.35,-29.524,0.1084,2.3682
12.452,24.441,0.0815,1.9841
12.747,-9.487,0.199,1.2765
12.797,-48.56,0.1873,2.7638
12.83,-28.519,0.1125,1.5303
13.187,-80.266,0.1141,3.9812
13.512,-28.399,0.292,0.9661
13.999,26.378,0.1971,6.0676
14.015,-37.545,0.163,2.3188
14.076,-1.217,0.0442,2.4747
14.229,-22.231,0.116,0.5389
14.234,-27.67,0.563,1.4312
14.353,-26.281,0.113,1.7267
14.373,30.214,0.123,0.3371
14.45,-66.812,0.0661,1.6195
14.618,-14.427,0.0957,1.1444
14.726,26.951,0.0451,0.8174
15.675,-21.874,0.0569,2.4774
16.146,-24.0,0.1603,2.2394
16.26,2.03,0.1967,3.1424
16.279,33.19,0.08,1.4819
16.395,-24.655,0.23,4.7167
16.709,1.055,0.2537,4.741
16.718,-2.49,0.1909,3.3322
16.746,32.158,0.112,0.7326
16.868,32.462,0.017,0.3972
16.949,54.142,0.1066,3.5609
16.955,-36.727,0.1186,2.0589
17.005,75.978,0.096,2.5121
17.048,2.176,0.0436,0.7263
17.138,-40.35,0.1408,2.2658
17.209,-15.41,0.0533,1.2778
17.23,-15.629,0.097,1.6888
17.501,-45.923,0.0238,0.7103
17.523,13.98,0.0581,0.4079
17.575,19.64,0.317,0.8715
17.742,33.149,0.0177,0.2153
17.903,-38.187,0.122,0.3124
17.925,33.453,0.1173,1.9696
18.036,39.455,0.208,1.1127
18.072,33.038,0.1249,1.4414
18.274,15.517,0.0442,0.7449
18.296,28.471,0.262,1.818
18.476,-31.752,0.0191,0.1144
18.8,0.33,0.045,1.2471
19.049,-15.923,0.0448,0.5
19.165,-3.503,0.081,0.4075
19.402,-22.637,0.207,0.9901
19.46,-54.924,0.251,4.5164
19.546,-26.973,0.2275,4.6241
20.246,-13.858,0.0519,1.6737
20.493,0.357,0.1756,1.8755
20.65,-28.535,0.256,1.4085
20.73,-12.764,0.123,1.4366
20.801,33.461,0.0146,0.3624
20.921,33.261,0.0164,0.6106
21.146,4.014,0.316,0.8423
21.2,9.541,0.0079,0.0268
21.266,8.688,0.0491,1.7624
21.353,1.741,0.0181,0.3697
21.374,1.763,0.0183,0.2683
21.42,-1.407,0.018,0.3981
21.519,-37.977,0.081,0.9159
21.727,19.212,0.0427,0.1177
21.808,-17.771,0.1459,1.9006
22.154,-43.416,0.288,0.7572
22.927,0.562,0.0798,0.8236
22.971,-13.609,0.206,5.1051
23.17,-8.072,0.1489,2.8084
23.228,-42.996,0.0876,0.4501
24.101,-18.2,0.251,0.5044
24.314,-9.203,0.0409,0.9472
24.372,-12.986,0.2143,2.6543
24.485,-12.8,0.2108,3.03
24.915,1.324,0.255,0.8307
24.974,18.169,0.176,0.9316
25.385,-30.578,0.442,2.6969
25.511,21.522,0.2803,4.7601
25.711,20.42,0.271,1.4658
25.739,44.644,0.341,7.6442
26.121,2.21,0.166,0.4944
26.174,-22.229,0.2781,3.6857
26.259,-53.014,0.1168,2.888
26.32,-60.565,0.1805,4.3428
27.507,-39.453,0.373,1.5266
27.687,33.09,0.0363,0.6253
28.141,-28.892,0.413,7.9
28.172,-13.97,0.833,3.2223
28.182,1.016,0.227,4.9286
28.195,36.151,0.0163,1.1891
28.245,37.535,0.2993,4.4682
28.246,-13.753,0.005,0.0434
28.383,-1.312,0.2438,3.7602
28.552,-59.626,0.36,1.412
28.79,33.922,0.0872,1.9872
29.282,41.34,0.081,1.7753
29.351,-5.84,0.1289,2.1808
29.357,32.224,0.0894,1.48
29.618,-1.781,0.1632,2.2867
29.826,0.502,0.386,2.4175
29.956,-8.833,0.405,9.1513
30.069,31.437,0.0168,0.2848
30.434,-2.201,0.196,4.3137
30.449,3.749,0.165,1.2418
30.578,-44.794,0.0616,0.7366
30.583,-1.12,0.0427,0.6177
31.597,15.188,0.248,0.8941
31.625,-14.894,0.1529,2.6016
31.708,-13.153,0.321,1.7606
32.38,19.77,0.0657,1.3447
32.47,-51.272,0.206,0.8467
32.557,-39.548,0.168,0.3093
32.607,-39.496,0.165,0.3685
32.856,-40.287,0.1008,1.6478
33.225,-47.133,0.115,2.0701
33.568,51.747,0.0489,1.4083
33.671,-4.563,0.1393,1.7898
34.08,-48.273,0.1709,2.7225
34.14,-17.791,0.578,2.1474
34.176,-47.823,0.064,1.0075
34.302,-52.747,0.3432,6.8371
35.236,-38.485,0.228,4.3319
35.285,19.974,0.45,2.6087
35.868,-8.87,0.163,0.8132
36.294,-29.474,0.0604,1.1207
36.478,-41.91,0.2195,5.2528
36.803,-28.855,0.2138,2.2917
37.04,28.194,0.0353,0.6596
37.056,-10.096,0.149,0.7165
37.094,23.423,0.305,1.6671
37.343,-33.538,0.0792,1.3623
37.611,18.606,0.799,3.5043
37.681,-33.099,0.076,1.1414
37.947,-4.856,0.1843,2.7463
37.988,1.245,0.0221,0.2351
38.07,-44.347,0.2836,6.1319
38.555,-3.947,0.447,1.1213
39.168,-19.387,0.0907,1.5047
39.372,-26.505,0.2216,3.9543
39.498,-52.413,0.136,1.2327
39.969,-23.343,0.45,1.2985
40.337,-28.657,0.2323,3.6504
40.649,-21.541,0.314,5.0925
41.026,-26.185,0.1362,2.1489
41.303,-46.454,0.0868,1.0754
41.44,9.61,0.147,1.2406
41.511,36.888,0.0488,1.6098
42.008,-3.537,0.1883,4.2465
42.068,-2.279,0.236,5.2314
42.404,-31.188,0.023,0.4469
42.515,19.131,0.122,0.5854
42.572,-21.499,0.207,3.9964
42.824,-20.929,0.325,1.7897
42.87,-24.949,0.1134,1.6735
43.206,-1.274,0.0235,0.4664
43.623,41.572,0.0172,1.8346
43.964,9.313,0.0258,0.3249
44.137,0.103,0.36,3.452
44.288,-23.435,0.5049,6.4762
44.412,6.006,0.0238,0.8012
44.422,-22.154,0.322,5.8788
44.457,13.049,0.0722,4.2452
44.562,-21.091,0.1226,1.5944
44.692,0.212,0.259,0.8451
44.74,13.58,0.0739,5.8488
44.891,0.229,0.194,1.1508
45.188,44.463,0.03,1.9253
45.405,1.92,0.1712,4.0333
45.456,35.835,0.0464,0.9159
45.589,-4.391,0.35,5.5681
45.838,1.926,0.153,3.6105
45.943,-77.869,0.2742,5.1687
46.03,-36.943,0.2192,3.8438
46.103,-7.037,0.135,0.6618
46.126,15.458,0.083,0.6761
46.326,17.473,0.4249,2.1915
46.382,17.167,0.4246,2.3904
46.62,-9.731,0.0342,0.2893
46.767,-28.671,0.2537,5.2091
46.77,-6.481,0.347,3.1062
47.233,26.76,0.356,16.4
47.854,-26.9,0.0685,1.0004
47.899,7.238,0.142,1.8571
48.344,26.407,0.1649,2.0487
48.408,-38.299,0.0833,1.0294
48.582,-45.424,0.0718,1.9792
49.494,-44.239,0.0752,4.3948
49.573,-3.021,0.37,1.5161
49.639,-3.049,0.37,2.8422
49.947,41.513,0.0179,6.1508
50.075,-42.987,0.158,0.8694
50.158,-43.198,0.149,0.7445
50.488,-51.326,0.0696,0.9545
50.553,-53.178,0.0797,1.1966
50.578,-41.36,0.0643,1.4238
50.585,-49.312,0.067,0.3708
50.748,-13.637,0.334,1.6041
50.998,-19.276,0.332,2.0738
51.977,2.563,0.0302,0.2346
52.15,-21.668,0.59,2.7751
52.156,-55.713,0.0853,2.4368
52.423,-2.196,0.45,4.4622
52.503,-52.596,0.0624,2.0786
52.78,-21.003,0.188,4.0524
52.998,-45.407,0.0671,0.2155
53.056,-29.177,0.15,1.0869
53.273,-39.23,0.245,0.4682
53.292,-24.945,0.475,2.4442
53.515,-39.014,0.0623,0.3519
53.734,-53.702,0.0619,0.9158
54.078,-40.622,0.1729,4.295
54.095,-3.792,0.1595,3.0382
54.206,-28.081,0.105,1.0571
54.25,-39.82,0.103,1.6881
54.437,-25.378,0.585,1.038
54.549,-22.94,0.173,0.6947
54.616,-35.448,0.0051,0.1855
54.67,9.974,0.0347,3.4496
54.851,-33.219,0.269,1.7212
55.036,-55.054,0.0464,0.6987
55.048,-18.587,0.0056,0.0568
55.113,-28.672,0.068,0.9209
55.174,-2.666,0.0352,0.7946
55.205,-45.705,0.0698,1.2015
55.215,-28.386,0.346,2.1352
55.321,15.407,0.0311,1.1301
55.488,-45.003,0.408,0.4727
55.724,-53.635,0.059,3.6513
56.44,-41.208,0.0603,1.2699
56.484,-24.28,0.1057,2.397
56.54,-57.05,0.057,1.3469
56.751,-29.003,0.1419,2.8018
57.036,-12.026,0.488,1.5331
57.093,-33.476,0.165,1.9055
57.683,-38.024,0.363,2.1178
57.787,-82.217,0.0613,2.1924
57.908,-36.831,0.372,1.1118
58.086,-54.886,0.0447,0.6806
58.123,-74.031,0.127,3.092
58.249,19.69,0.1085,3.0843
58.644,-42.559,0.224,1.0329
58.647,-37.756,0.251,4.4584
58.875,-36.568,0.32,4.0532
58.997,-37.696,0.473,2.7494
59.727,-29.926,0.425,8.9001
59.788,-3.341,0.122,2.1645
61.156,11.166,0.3548,4.989
61.351,-41.004,0.686,2.5714
61.691,-71.275,0.229,2.042
62.068,-30.894,0.06,1.5303
63.356,10.467,0.0882,6.424
63.488,-38.1,0.0501,1.6249
64.187,-55.419,0.365,1.2136
64.357,-45.208,0.213,1.6298
64.393,-11.908,0.443,22.1
64.908,2.414,0.0131,0.7031
65.025,-38.634,0.35,1.4331
65.186,-38.699,0.225,0.7154
65.265,-46.493,0.131,0.7635
65.62,-50.15,0.0901,0.5277
66.464,-8.559,0.0397,2.0861
66.531,16.92,0.38,2.9084
67.177,-38.096,0.154,0.6789
67.283,-53.847,0.04,0.6376
67.4,-2.885,0.399,6.0882
67.85,-61.444,0.0589,4.5579
68.41,-13.259,0.0326,2.9118
68.565,-8.521,0.24,0.6091
69.18,10.061,0.159,2.9567
69.28,-20.457,0.155,2.7552
69.292,0.727,0.2842,5.9496
69.728,-22.114,0.067,1.5091
69.753,7.262,0.245,5.6202
69.76,5.344,0.208,4.6097
70.791,2.172,0.19,2.8016
71.292,-15.85,0.036,0.8642
71.658,-4.351,0.177,1.7279
72.002,10.618,0.094,1.2183
72.051,-20.47,0.072,1.9513
72.054,9.89,0.154,2.9287
72.48,-44.678,0.1501,3.2382
72.515,45.024,0.022,1.8897
72.899,-55.954,0.094,0.8073
72.977,0.105,0.43,4.1001
73.538,-10.239,0.2475,5.8187
73.546,2.918,0.203,6.4364
73.546,-3.015,0.5377,7.1338
73.582,-2.664,0.26,1.5539
73.71,-18.109,0.0335,0.6194
74.73,-0.489,0.015,0.114
74.776,8.78,0.1034,1.7985
75.194,-38.678,0.0536,1.2705
75.331,-3.542,0.0913,1.6462
75.413,1.175,0.1248,2.5179
75.78,6.127,0.088,1.8817
76.333,-28.818,0.509,1.542
76.493,-28.434,0.131,0.4435
76.517,-28.681,0.136,0.5651
76.725,2.952,0.1475,1.711
76.9,-2.64,0.1241,2.0866
76.94,-9.254,0.0398,0.7045
77.431,-8.611,0.125,0.5128
77.558,-45.321,0.2,4.6483
77.686,-8.018,0.2195,6.0827
78.651,-49.055,0.0912,1.6483
78.835,58.766,0.1203,3.1585
79.086,17.209,0.115,4.2315
79.155,6.438,0.0284,1.3731
79.158,-54.514,0.2952,7.7238
79.243,29.421,0.13,3.0614
80.176,-13.48,0.336,6.3
80.294,-25.51,0.581,2.4557
80.373,-40.825,0.0756,1.4667
80.558,-36.414,0.472,2.1028
80.699,28.109,0.058,1.9868
81.115,8.329,0.068,2.0256
81.386,-31.596,0.038,1.0913
81.465,-47.251,0.1913,3.8005
81.807,4.219,0.151,3.1041
82.064,-29.716,0.1582,3.0392
82.167,-32.858,0.273,1.2642
82.234,-39.463,0.2839,7.5474
82.41,-58.803,0.466,1.0624
82.63,-58.86,0.338,0.7031
82.66,-22.448,0.1706,4.2146
83.096,-11.531,0.154,4.9028
83.174,-46.238,0.135,0.8644
83.231,-37.024,0.2708,5.1091
83.327,-36.326,0.0479,0.7294
83.471,-57.779,0.297,1.2658
83.483,-58.154,0.198,0.556
84.568,-20.623,0.0915,1.8866
84.768,-28.551,0.254,0.9111
85.026,-40.842,0.0358,1.2212
85.042,-43.382,0.085,1.6874
85.539,-26.124,0.039,0.853
85.712,-41.001,0.642,2.9996
85.852,-44.505,0.1637,3.2882
86.055,-25.928,0.26,1.035
86.363,-25.939,0.0424,0.5018
86.377,-47.94,0.1254,2.5766
86.756,-39.074,0.319,4.3
86.909,-31.875,0.1483,4.5029
86.94,-47.39,0.0515,0.6695
87.165,-25.458,0.042,1.3823
87.21,-21.912,0.0928,1.6591
88.218,-21.057,0.0989,3.1912
88.363,-5.968,0.151,3.0695
89.305,-37.466,0.0442,0.9722
90.201,-58.587,0.0369,0.4321
90.44,-39.993,0.0468,1.9761
90.506,53.263,0.051,1.1167
90.531,23.166,0.0654,2.5321
90.957,29.665,0.03,0.9853
91.165,42.953,0.118,2.9167
91.47,-35.3,0.1392,4.4761
91.756,-49.483,0.0553,0.841
92.633,-48.807,0.243,1.2692
93.153,48.602,0.067,1.9016
94.082,-21.948,0.171,3.3321
94.131,-39.8,0.152,3.4712
94.223,-47.805,0.1164,2.4118
94.65,67.407,0.1127,1.7437
95.432,-52.703,0.0511,0.9466
96.153,-37.336,0.0333,0.599
96.197,-52.679,0.074,0.6629
96.318,-55.352,0.118,1.336
96.595,-53.695,0.0514,2.1612
96.784,-35.489,0.0554,1.6778
96.81,-54.47,0.0506,2.3989
97.207,-41.728,0.1759,4.3533
97.291,46.101,0.129,2.2924
97.836,-56.172,0.054,1.2855
97.839,25.016,0.081,2.685
98.006,25.327,0.075,1.5874
98.642,-62.446,0.27,1.522
98.764,22.525,0.068,3.8399
98.868,-62.568,0.157,1.0108
99.329,-48.478,0.2026,3.8211
99.531,47.791,0.174,4.6614
99.694,-53.972,0.2266,6.8771
100.033,-12.889,0.135,5.4507
100.854,42.245,0.091,4.1975
101.372,-54.219,0.1644,5.8164
101.959,70.249,0.584,8.8556
102.345,18.017,0.064,2.1684
104.253,42.78,0.125,1.9088
104.63,-55.947,0.2965,10.3599
106.102,63.316,0.098,2.5235
106.761,27.106,0.062,1.3771
107.032,71.857,0.1053,1.6204
107.603,22.673,0.289,5.2347
107.948,32.319,0.0672,1.9673
108.022,-60.502,0.0322,0.4348
108.58,54.685,0.1043,1.4594
109.178,53.408,0.0644,1.1043
109.295,-36.36,0.032,1.0838
109.363,-11.331,0.075,3.1457
109.382,37.759,0.546,12.9576
109.894,0.719,0.2197,5.2729
110.074,71.536,0.268,1.0413
110.075,23.816,0.168,3.1513
110.224,71.149,0.23,0.9941
110.343,55.786,0.0381,1.681
111.23,66.979,0.0863,1.2147
111.502,41.382,0.112,2.0846
112.238,29.586,0.3976,3.6493
112.37,24.606,0.161,3.6042
112.442,79.254,0.1058,1.2819
113.092,31.63,0.171,5.1975
114.106,39.433,0.1177,3.3105
114.422,59.34,0.0384,0.3058
114.538,-75.107,0.111,1.7889
114.569,1.031,0.189,3.7913
114.746,69.947,0.117,0.836
115.248,55.432,0.034,1.2902
115.376,25.963,0.1577,1.4441
115.437,74.248,0.2149,4.6049
115.661,9.369,0.062,1.332
116.219,39.457,0.697,6.94
116.29,-54.079,0.074,2.259
116.655,31.014,0.0579,0.6754
116.885,-19.292,0.1028,7.9855
117.039,18.546,0.04,0.5199
117.844,50.213,0.0228,0.4197
117.85,17.513,0.1894,3.8253
118.351,29.366,0.0621,1.4236
119.232,38.65,0.2203,2.5432
119.444,-53.264,0.039,1.1092
119.495,-21.962,0.049,1.9409
119.589,26.679,0.2315,2.2599
119.928,54.002,0.1032,2.0052
120.245,36.047,0.288,4.5987
120.54,-19.434,0.14,2.2449
121.091,46.782,0.1868,2.2205
121.43,45.69,0.1353,1.7085
122.421,28.199,0.399,3.3891
122.482,-2.982,0.27,5.682
122.601,42.272,0.064,1.0201
122.76,16.735,0.0925,1.0142
122.783,70.039,0.223,4.8364
123.126,-57.235,0.062,2.9629
123.869,-3.142,0.198,3.3605
123.999,62.886,0.312,1.6401
124.128,74.404,0.282,1.5644
124.352,-7.513,0.0704,3.8772
124.557,1.367,0.0879,1.7924
124.741,56.909,0.26,0.8135
124.844,70.913,0.226,0.6868
124.913,63.61,0.119,2.3468
124.978,56.577,0.26,1.5505
125.111,56.757,0.0429,0.1534
125.248,-57.08,0.061,1.6896
125.257,7.866,0.11,2.0211
125.465,1.212,0.0822,1.4788
125.54,47.1,0.1303,3.6508
125.798,4.356,0.0293,0.7315
126.045,3.463,0.347,1.0693
126.376,47.13,0.1267,3.4839
126.436,82.31,0.2,3.0141
126.497,4.263,0.2248,4.1177
126.527,26.43,0.351,1.1817
126.615,-27.355,0.041,1.3115
126.624,31.421,0.209,0.672
126.692,-20.133,0.0876,1.8725
127.019,44.764,0.145,3.2709
127.162,30.428,0.0503,1.1524
127.743,65.85,0.1818,6.8668
129.356,14.983,0.2793,10.0572
129.543,25.101,0.0286,0.3297
129.63,19.805,0.123,0.9029
130.13,5.733,0.2651,3.4434
130.281,64.378,0.343,2.0097
130.431,70.781,0.235,0.6667
130.478,-17.485,0.1687,4.2779
130.72,50.388,0.423,1.038
130.736,36.362,0.282,7.5349
130.747,29.476,0.194,3.989
131.236,42.982,0.0541,0.4696
131.797,34.821,0.56,1.9683
131.941,77.692,0.26,3.7899
132.198,44.939,0.574,0.958
132.235,44.871,1.261,1.3868
132.298,37.523,0.24,0.9165
132.55,36.06,0.378,6.7616
132.991,11.995,0.115,0.3899
133.064,-5.549,0.192,1.375
133.137,16.302,0.098,0.5581
133.306,57.996,0.475,2.2169
134.036,37.948,0.4107,6.1886
134.604,13.954,0.488,1.202
135.02,39.34,0.0951,0.5176
135.158,20.916,0.2347,5.2335
135.298,62.656,0.09,1.1485
136.614,10.345,0.1328,2.2885
136.825,33.502,0.483,0.9595
136.843,16.657,0.073,0.9754
136.962,49.607,0.0352,0.3965
137.283,10.993,0.1751,4.7375
137.285,-9.666,0.0542,4.4824
137.567,60.205,0.181,0.6527
137.651,-10.581,0.0916,1.9936
137.665,42.811,0.576,1.6177
137.797,17.776,0.5049,4.5937
138.124,15.943,0.0851,2.2769
138.259,47.706,0.051,0.8739
139.029,17.602,0.0292,0.3303
139.462,51.725,0.2172,5.7894
139.527,-12.093,0.0539,3.6243
139.955,33.76,0.023,0.2579
140.002,1.04,0.0175,0.1344
140.094,73.837,0.133,1.5416
140.109,30.515,0.2952,4.0341
140.286,45.644,0.1745,2.1881
140.305,45.479,0.315,1.648
140.783,22.298,0.0316,0.2684
141.024,14.168,0.1357,3.8079
141.652,12.716,0.489,2.0531
141.67,17.69,0.117,1.8733
141.795,53.45,0.2052,3.6924
142.021,74.783,0.124,1.7372
142.033,20.542,0.192,2.4169
142.157,37.799,0.2472,3.1464
143.354,34.052,0.0269,0.2056
143.87,7.492,0.261,3.1897
144.276,61.283,0.204,0.54
144.499,-20.346,0.0344,0.49
144.567,75.887,0.1503,1.4196
145.252,38.719,0.287,0.6885
145.515,8.963,0.206,3.9492
145.561,15.387,0.1664,2.8846
145.588,81.186,0.545,2.6505
145.779,46.998,0.4069,3.9698
145.854,-76.332,0.199,4.5079
145.885,16.667,0.256,1.2867
145.938,16.737,0.18,0.8198
146.007,64.412,0.12,1.6389
146.043,-21.278,0.0077,0.0725
146.152,-26.566,0.1421,3.6917
146.352,-8.654,0.1535,3.3724
146.637,-14.164,0.23,0.5083
146.804,76.387,0.345,8.5
146.941,7.688,0.625,2.2845
146.99,7.507,0.128,0.3038
147.164,-83.465,0.1982,3.4323
147.47,17.13,0.3826,7.9037
147.532,70.566,0.21,1.2477
147.946,-1.476,0.568,1.4614
148.198,51.891,0.214,5.2717
148.301,-15.981,0.0302,0.4177
148.4,70.908,0.185,2.0027
148.436,69.791,0.214,0.8494
149.012,41.119,0.587,2.307
149.11,-10.07,0.1634,5.2302
149.472,65.575,0.53,1.6192
149.507,-26.838,0.145,1.9096
149.543,23.782,0.1471,1.974
149.554,55.268,0.214,1.6286
149.58,47.038,0.39,2.2502
149.592,-11.06,0.1669,5.0282
149.939,22.393,0.244,3.0604
150.127,44.154,0.154,2.5495
150.532,68.98,0.5,2.3024
150.661,32.7,0.0499,0.944
150.668,-8.146,0.524,1.5235
150.767,32.908,0.4161,4.2551
150.777,-19.43,0.243,1.3539
150.783,67.158,0.206,3.3203
151.665,25.91,0.1162,2.106
151.723,12.393,0.166,1.2028
151.785,-20.524,0.105,0.3427
151.954,0.517,0.096,1.0893
152.199,53.701,0.872,2.0401
152.199,11.793,0.2245,3.8829
152.335,71.175,0.1927,3.3654
152.566,54.503,0.045,0.1548
152.567,54.488,0.047,0.405
152.634,-12.665,0.3062,2.8384
152.743,55.963,0.171,0.3491
152.751,53.968,0.372,1.1079
152.771,53.658,0.329,0.6786
152.846,53.563,0.39,0.9237
152.856,54.835,0.294,1.374
153.366,-1.612,0.276,1.3867
153.4,-13.842,0.1517,2.9492
153.404,49.551,0.133,0.8937
153.418,-0.914,0.0445,1.1377
153.437,-0.108,0.0927,1.5413
153.785,49.526,0.383,1.2769
154.094,33.635,0.124,2.2642
154.15,24.808,0.0811,1.1353
154.26,39.048,0.206,4.7297
154.348,-10.677,0.0586,1.8484
154.398,59.567,0.353,7.6611
154.504,21.91,0.24,1.2055
154.905,39.342,0.373,0.8982
154.999,40.987,0.0922,1.4331
155.066,39.229,0.1463,0.4088
155.12,-6.52,0.054,0.8481
155.127,39.38,0.143,0.3323
155.189,38.524,0.053,0.3232
155.247,51.549,0.5019,1.16
155.52,38.512,0.0491,0.7013
155.628,50.102,0.158,3.8822
155.775,41.413,0.232,0.6427
155.829,59.808,0.2055,2.1364
155.912,4.187,0.285,9.7115
155.922,49.133,0.144,4.2256
155.962,-27.258,0.2542,7.7124
156.08,68.082,0.201,1.6292
156.274,47.837,0.052,0.4213
156.483,12.685,0.1434,3.4836
156.795,39.135,0.338,2.5996
156.999,-6.796,0.1176,1.9936
157.088,3.769,0.073,0.9041
157.932,35.049,0.1259,3.594
158.062,40.265,0.079,1.7119
158.466,57.053,0.0463,0.128
158.747,30.694,0.1407,2.8267
159.047,57.225,0.203,0.8825
159.174,-27.524,0.0126,0.9944
159.508,41.777,0.125,0.6214
159.601,-24.903,0.123,2.4054
159.866,5.18,0.07,1.5924
159.88,39.794,0.0926,0.3522
159.935,-8.684,0.065,1.4622
160.183,39.948,0.1372,4.1023
160.187,-70.797,0.061,1.7603
160.392,-11.389,0.0839,1.3071
160.601,-0.138,0.139,0.8101
161.138,-7.073,0.1342,4.5308
161.885,15.233,0.2108,2.7446
162.003,-11.403,0.065,0.224
162.19,22.24,0.045,0.4046
162.261,54.4,0.251,0.7337
162.437,33.144,0.23,0.6619
162.606,-12.846,0.0155,0.4109
162.648,-2.6,0.1651,3.1422
162.651,-24.096,0.2037,3.926
163.327,57.346,0.34,0.4874
163.433,54.872,0.0704,1.1937
163.434,49.499,0.14,2.5785
163.451,16.84,0.0852,1.5577
164.053,49.553,0.199,0.6924
164.248,-3.625,0.8309,3.3929
164.432,37.635,0.0353,0.261
164.543,1.587,0.0398,0.4388
164.553,1.616,0.0385,0.3823
164.608,56.792,0.1369,3.9904
164.71,62.398,0.37,1.1097
164.997,64.352,0.192,0.5526
165.204,10.56,0.0353,0.6129
165.32,-22.728,0.1416,2.5688
165.905,35.922,0.775,1.8473
166.125,36.006,0.497,1.2487
166.829,-23.002,0.0639,1.153
167.328,41.562,0.0763,1.455
167.429,21.762,0.0319,0.4615
167.519,-29.952,0.2,0.8158
167.695,28.706,0.0314,0.5978
167.91,40.842,0.0794,2.0112
168.229,13.445,0.169,3.0475
168.274,-26.26,0.725,1.8657
168.332,17.594,0.1706,4.2492
168.336,2.532,0.078,2.0432
168.452,40.289,0.0795,0.5633
168.55,-38.189,0.1306,3.4886
168.599,58.39,0.2065,3.7085
168.887,54.435,0.0691,1.0484
168.975,1.496,0.3499,7.2696
169.014,24.688,0.1021,1.2838
169.228,18.056,0.0032,0.0118
169.3,17.74,0.305,1.068
169.359,7.726,0.477,1.1452
169.375,17.746,0.547,2.0778
169.375,7.777,0.155,0.4062
169.864,21.115,0.174,0.5223
169.931,21.446,0.061,0.1062
170.032,43.302,0.6,3.3968
170.243,23.443,0.562,2.6529
170.398,48.063,0.112,1.7522
170.428,2.818,0.0468,0.9244
170.56,67.213,0.056,0.4388
170.585,24.317,0.0258,0.251
170.707,1.108,0.072,0.869
170.708,34.123,0.043,0.3886
170.794,14.161,0.34,1.5148
170.805,19.6,0.1042,1.8566
170.991,21.49,0.1904,4.0552
171.016,-17.003,0.407,1.3673
171.152,41.932,0.195,1.3125
171.196,38.995,0.3014,0.816
171.346,38.902,0.5477,1.2653
171.748,17.115,0.127,2.419
171.939,43.163,0.344,1.5399
172.005,75.49,0.165,2.1865
172.226,42.867,0.411,1.7586
172.468,23.792,0.1371,2.2495
172.507,36.63,0.06,0.8069
172.52,20.477,0.129,2.454
172.523,-42.23,0.155,3.4547
172.581,-14.583,0.1068,3.4062
172.843,33.582,0.2212,3.1308
172.985,-19.927,0.3075,7.598
173.082,55.979,0.0527,0.9561
173.221,14.469,0.0834,3.0137
173.32,66.379,0.116,2.4063
173.488,75.116,0.122,1.4512
173.559,59.876,0.29,0.835
173.71,49.058,0.0341,0.4608
173.822,-13.519,0.0722,1.2622
173.977,21.518,0.133,0.5182
174.68,3.259,0.127,0.4596
174.864,-33.454,0.1076,2.142
175.099,66.139,0.7843,2.2159
175.306,10.741,0.109,1.3779
175.351,-12.272,0.1195,2.7789
175.519,21.75,0.131,0.895
175.526,10.148,0.119,0.8099
175.569,10.451,0.117,0.6392
175.628,58.539,0.322,4.4294
175.664,10.473,0.188,0.4192
175.876,46.384,0.1167,3.5238
176.152,19.759,0.0214,2.1398
176.168,67.41,0.1159,2.4747
176.329,-34.429,0.0697,1.6403
176.344,15.495,0.067,1.0933
176.411,-54.341,0.155,3.984
176.612,28.905,0.149,0.9477
176.836,55.743,0.051,0.7138
177.271,51.585,0.132,1.5852
177.397,22.403,0.545,9.3427
177.449,-12.318,0.1557,3.4057
177.469,10.776,0.303,1.9951
177.909,-16.321,0.0722,1.5451
177.918,81.077,0.29,0.5185
178.149,37.546,0.23,1.4603
178.827,23.407,0.1427,5.5454
179.018,73.418,0.083,1.2996
179.194,42.635,0.174,1.4338
179.241,24.258,0.1392,2.3746
179.326,33.612,0.2138,4.1921
179.37,5.063,0.077,1.3263
179.549,55.362,0.135,0.2437
179.822,49.794,0.211,3.5861
179.963,55.532,0.0808,0.67
180.01,11.404,0.207,1.9944
180.021,-31.406,0.0685,1.5649
180.032,68.152,0.265,1.754
180.092,56.23,0.065,1.3251
180.106,3.334,0.1339,4.1194
180.206,-3.458,0.396,1.7854
180.264,-46.391,0.118,2.135
180.27,12.159,0.304,2.365
180.326,23.109,0.269,4.4278
180.5,58.048,0.1031,1.5593
180.557,57.865,0.677,2.4828
180.726,-6.835,0.1268,2.3584
180.762,28.604,0.1341,1.9879
180.821,-21.523,0.1992,5.6182
181.013,28.123,0.1631,1.7549
181.048,20.348,0.0252,0.3186
181.095,-3.849,0.261,0.748
181.105,1.901,0.0199,0.6772
181.24,22.617,0.2519,1.8572
181.262,-3.542,0.368,0.6514
181.302,39.349,0.0381,1.0322
181.387,44.319,0.3384,0.8378
181.466,44.487,0.5921,1.6324
181.528,44.325,0.2946,0.7038
181.552,-8.806,0.4414,8.4019
181.617,22.253,0.0656,0.6237
181.64,-7.74,0.068,0.7588
181.656,28.184,0.0283,0.4179
181.743,71.658,0.1912,2.2909
182.075,-29.633,0.171,1.2452
182.578,5.385,0.0748,1.616
182.684,-46.738,0.032,0.7549
182.758,35.332,0.138,1.8147
182.817,39.195,0.34,2.0973
183.079,-18.279,0.269,4.8327
183.08,27.554,0.353,4.8848
183.246,27.454,0.179,1.776
183.393,2.899,0.409,1.5931
183.871,-39.015,0.119,2.7267
184.083,26.556,0.428,1.7304
184.311,69.67,0.107,0.2542
184.419,3.662,0.0766,3.5915
184.432,47.487,0.27,2.4049
184.452,22.921,0.14,0.7524
184.62,40.218,0.3038,4.0532
184.621,30.196,0.368,0.8091
184.832,-13.26,0.0688,1.8728
185.072,75.37,0.0059,0.0321
185.232,18.176,0.4294,1.518
185.354,49.302,0.7,3.0916
185.508,27.155,0.472,2.1231
185.529,75.438,0.24,0.8861
185.568,25.994,0.16,0.6727
185.777,10.624,0.0258,0.5594
186.073,75.527,0.0056,0.0096
186.167,31.986,0.063,0.6291
186.3,32.229,0.0594,1.0213
186.592,62.411,0.398,1.5464
186.74,33.547,0.888,4.3857
186.775,19.854,0.3241,4.4502
186.809,8.971,0.0873,0.5192
186.867,8.829,0.0896,1.2514
186.96,63.383,0.1454,2.113
187.22,19.408,0.161,1.8759
187.259,47.625,0.254,3.5386
187.497,11.789,0.0852,1.4447
187.559,23.434,0.221,1.3045
187.679,34.655,0.3331,4.6781
187.696,10.561,0.165,4.3444
187.697,12.337,0.0036,1.2092
187.773,0.629,0.0232,0.1981
187.85,82.428,0.2053,2.7776
187.94,41.62,0.176,0.9469
188.202,26.094,0.22,1.4062
188.481,15.432,0.238,2.2815
188.566,9.783,0.229,3.769
188.571,-38.943,0.2373,5.2683
188.777,41.296,0.189,1.0699
188.988,27.712,0.3821,1.1618
189.1,16.528,0.078,1.3503
189.119,12.406,0.0667,0.2734
189.131,0.862,0.205,0.3916
189.186,-33.903,0.0796,1.6327
189.194,-35.533,0.0736,1.2932
189.237,25.841,0.175,0.8827
189.246,63.191,0.3019,5.393
189.411,26.54,0.278,0.7096
190.057,-48.433,0.152,4.8403
190.104,-11.793,0.193,0.7
190.33,18.571,0.073,1.7931
190.388,32.84,0.39,2.8284
190.706,2.686,0.0031,0.1231
190.845,27.276,0.194,2.7771
191.007,16.895,0.549,3.1592
191.158,-11.985,0.0963,2.3246
191.522,70.965,0.225,2.7077
191.843,55.011,0.083,1.0254
191.93,-5.816,0.2928,0.695
191.93,-2.792,0.1797,3.0859
192.152,-5.8,0.0041,0.0113
192.2,-41.308,0.0114,1.6218
193.02,-29.347,0.188,0.8715
193.142,-31.268,0.0535,1.8872
193.27,62.803,0.235,1.1696
193.273,-9.2,0.0146,0.2719
193.31,-15.38,0.0462,0.9838
193.312,15.931,0.275,1.2028
193.421,-39.532,0.1794,6.9838
193.511,-6.701,0.1962,3.9698
193.598,-29.023,0.0542,1.5435
193.66,25.754,0.193,0.5776
193.673,-29.223,0.0544,2.0799
193.696,-15.444,0.1506,2.8191
193.723,25.849,0.233,0.8368
193.878,35.36,0.1585,1.4278
193.894,-30.33,0.0541,1.5583
193.926,-12.655,0.0585,0.8179
194.02,25.948,0.232,0.7034
194.111,4.67,0.23,2.4053
194.164,47.255,0.404,0.9339
194.249,-31.322,0.0561,1.1076
194.291,-17.4,0.0473,2.9254
194.292,-13.656,0.0151,0.1837
194.32,-30.377,0.0554,2.3354
194.334,69.506,0.227,2.7816
194.671,-1.757,0.0845,4.1213
194.708,-26.668,0.0767,1.6005
194.839,-4.195,0.0845,4.3928
194.929,27.939,0.0231,4.2846
194.939,-32.617,0.076,0.4571
194.962,31.347,0.0523,0.3373
195.401,-6.833,0.0898,1.5884
195.431,10.993,0.231,1.283
195.711,-2.506,0.0847,1.605
195.761,57.942,0.1961,2.2697
195.934,-24.251,0.1288,4.0606
195.94,19.271,0.0643,1.8814
196.07,-30.515,0.0117,0.2254
196.115,33.592,0.1882,3.2319
196.477,-37.661,0.0497,1.2242
196.478,30.906,0.1832,3.6434
196.507,26.505,0.3063,5.6206
196.728,46.556,0.2259,4.716
196.953,29.43,0.241,1.5174
197.137,53.704,0.33,1.4101
197.321,-1.613,0.088,1.8597
197.482,32.375,0.29,0.8509
197.758,-3.177,0.494,4.1524
197.791,39.218,0.072,1.3862
197.803,32.483,0.245,1.8542
197.875,-1.335,0.1832,8.392
197.876,-5.857,0.461,1.7633
197.884,22.009,0.266,4.9919
197.93,22.027,0.1716,1.8158
197.958,32.461,0.43,2.0627
198.081,39.016,0.404,2.2138
198.277,46.281,0.183,3.2283
198.413,-32.845,0.0518,0.206
198.556,-6.993,0.1892,3.7635
198.561,41.393,0.2011,2.3593
198.602,64.578,0.22,4.1653
198.617,-25.261,0.2439,6.9392
198.778,51.825,0.2836,4.6626
198.85,-16.39,0.0087,0.5144
199.017,28.922,0.253,0.717
199.29,-38.362,0.2553,5.6404
199.936,-21.456,0.164,1.5992
200.018,70.062,0.3275,4.8603
200.064,33.142,0.0362,0.5165
200.178,-41.04,0.0495,0.9
200.196,-48.93,0.227,3.7894
200.237,33.904,0.182,2.4586
200.718,31.646,0.3083,4.0587
200.876,11.296,0.0911,1.6682
201.05,13.979,0.023,0.2825
201.18,-57.614,0.019,1.6812
201.257,-38.227,0.296,1.0301
201.278,-20.236,0.1926,3.9924
201.312,65.841,0.18,0.5373
201.395,-38.431,0.445,1.9085
201.457,59.322,0.1515,2.6306
201.572,12.501,0.204,6.0627
201.574,0.226,0.0826,1.8258
201.725,-27.183,0.0458,2.7065
201.99,-31.503,0.048,3.9741
202.366,11.723,0.0228,0.1704
202.384,11.789,0.022,0.3805
202.414,29.768,0.0473,0.1713
202.429,-31.603,0.0488,1.721
202.456,-33.173,0.0511,0.1645
202.493,58.569,0.302,0.8868
202.708,-1.873,0.0852,3.0567
202.746,58.249,0.31,1.2484
202.876,11.134,0.085,0.2064
202.879,62.64,0.219,1.0481
202.885,-31.815,0.0448,0.8332
203.094,-33.139,0.0487,1.6821
203.126,50.409,0.28,3.9877
203.167,54.32,0.1017,1.4944
203.18,50.55,0.2799,7.1929
203.233,-25.324,0.1199,2.0385
203.401,-31.661,0.049,2.3698
203.425,-23.284,0.1264,3.1994
203.529,20.231,0.171,2.673
203.585,50.518,0.62,2.6559
203.599,34.691,0.024,0.252
203.643,37.949,0.308,0.3245
203.765,37.833,0.382,0.5938
203.826,40.997,0.2279,6.2197
204.025,59.208,0.0701,2.3626
204.162,-33.958,0.0123,0.1276
204.175,38.626,0.18,0.3943
204.296,26.826,0.41,1.2872
204.367,-41.333,0.0519,0.9874
204.46,26.647,0.342,1.0646
204.472,38.903,0.252,0.9659
204.524,-29.739,0.189,1.2861
204.603,26.744,0.029,0.0446
204.709,38.855,0.246,2.1537
204.768,27.757,0.13,0.4254
204.895,18.512,0.114,1.1802
205.14,40.296,0.171,0.6576
205.225,39.974,0.169,1.024
205.474,26.372,0.0724,2.4779
205.523,2.227,0.0765,1.6756
205.705,40.47,0.699,1.767
205.854,40.887,0.14,0.4495
205.866,55.782,0.0673,0.2444
205.939,55.639,0.0766,0.7032
206.076,39.112,0.2997,2.4774
206.557,-16.545,0.0557,0.8514
206.719,-37.874,0.0377,0.6992
206.801,-30.419,0.0145,0.1559
206.868,-32.85,0.0391,4.5067
206.875,-11.749,0.4516,13.1779
207.221,26.596,0.0622,5.528
207.233,-25.442,0.1269,2.3515
207.251,49.309,0.167,1.3218
207.33,-30.309,0.016,0.303
207.34,28.104,0.0748,2.2515
207.683,-33.722,0.1142,2.2004
207.71,60.126,0.796,2.6419
207.94,46.367,0.0625,0.9247
208.058,-9.759,0.2021,3.4724
208.254,5.155,0.0788,1.9898
208.372,-27.889,0.0468,0.8749
208.51,14.923,0.1251,2.2064
208.57,-2.363,0.546,2.0887
208.658,77.26,0.3967,5.69
208.705,69.289,0.207,0.489
209.331,62.545,0.525,2.3964
209.508,20.636,0.062,0.5323
209.737,-47.839,0.074,3.3558
209.823,27.973,0.0612,1.9807
209.892,62.317,0.332,2.6547
209.971,62.521,0.3259,4.6093
210.06,72.126,0.2143,2.7294
210.26,2.88,0.2528,10.4956
210.403,-11.125,0.0698,1.4817
210.9,-33.988,0.0132,0.2666
211.116,4.384,0.23,1.1455
211.568,28.514,0.546,1.5639
211.729,28.571,0.118,0.5587
211.867,-27.015,0.023,1.0806
211.969,-51.009,0.0966,4.4006
212.029,-9.071,0.0354,0.6071
212.556,59.711,0.316,2.0075
212.566,59.641,0.319,1.5066
212.619,-42.777,0.049,1.2483
212.852,52.211,0.4599,4.5306
213.148,-3.153,0.221,1.27
213.431,43.663,0.089,1.9516
213.551,71.26,0.225,3.6798
213.796,36.201,0.7,2.2711
213.809,-0.501,0.1403,2.7537
213.827,23.149,0.064,0.1092
213.965,0.259,0.1259,1.1809
214.112,23.259,0.138,1.7728
214.117,44.777,0.4,2.8385
214.135,30.762,0.186,1.7001
214.214,-11.976,0.0982,1.9133
214.63,25.18,0.29,2.948
214.747,49.05,0.2806,4.0082
214.848,6.645,0.574,2.0962
214.969,6.572,0.5641,1.5163
215.398,49.552,0.0716,1.6874
215.423,37.296,0.1813,3.8011
215.489,-20.16,0.1208,1.9497
215.792,26.256,0.0375,0.3759
215.795,29.703,0.261,1.4771
215.93,-54.203,0.3,8.0935
215.949,24.078,0.543,4.9804
215.969,40.262,0.0822,1.1105
216.269,37.971,0.163,0.7123
216.345,63.187,0.1394,3.3281
216.507,37.827,0.1712,7.0075
216.915,-25.351,0.318,3.3
216.992,26.506,0.0324,0.0827
217.117,56.883,0.1051,1.8095
217.247,1.754,0.32,2.079
217.274,42.687,0.92,2.0435
217.779,25.639,0.0908,2.138
218.12,31.633,0.1313,2.9225
218.572,-32.484,0.241,3.2855
218.753,-28.366,0.0689,1.2161
219.223,-9.003,0.0842,1.5981
219.243,55.129,0.125,0.6107
219.711,64.394,0.146,0.7337
220.159,3.477,0.0263,0.7352
220.577,22.305,0.0901,2.3234
221.027,63.748,0.298,1.2862
221.094,31.235,0.234,3.5321
221.857,8.464,0.1954,4.6039
222.151,-27.819,0.175,1.3363
222.775,14.611,0.146,3.2781
222.822,18.683,0.0439,0.1752
223.234,58.049,0.3179,5.8708
223.245,16.7,0.0444,0.8782
223.28,21.895,0.1186,1.7512
223.617,16.37,0.0456,0.4614
223.631,18.642,0.0586,1.6755
223.808,-33.427,0.1158,2.2029
224.051,-38.44,0.115,2.351
224.062,22.353,0.108,0.7253
224.081,-5.828,0.22,3.964
224.316,22.343,0.2579,6.315
224.765,-8.725,0.1043,1.9047
224.872,-18.187,0.2357,8.618
225.011,22.568,0.23,0.8745
225.085,21.362,0.153,5.0613
225.215,22.745,0.45,2.0045
225.268,-8.416,0.51,1.1003
225.299,1.698,0.005,0.2399
225.326,-8.509,0.108,1.3793
225.347,42.346,0.2917,4.352
226.032,-2.805,0.2153,12.475
226.163,-14.899,0.284,1.6107
226.624,1.605,0.006,0.1305
227.549,33.515,0.113,4.0695
227.729,5.72,0.0766,7.2708
227.776,18.044,0.1161,1.7625
227.848,6.319,0.0817,2.3811
227.89,1.764,0.0384,0.4275
228.053,-22.916,0.3152,6.1805
228.155,34.86,0.1489,1.6807
228.213,-1.48,0.1223,2.1875
228.556,55.464,0.4753,1.1063
228.592,36.606,0.372,3.0438
228.651,-45.981,0.058,2.6628
228.73,55.691,0.559,1.8248
228.742,-15.386,0.2226,5.4232
228.887,43.776,0.137,0.7965
228.903,43.847,0.243,0.7694
229.08,0.098,0.1181,2.5949
229.142,-0.949,0.1198,2.2053
229.183,7.018,0.0353,2.4945
229.483,31.46,0.744,1.6042
229.595,-46.54,0.056,1.2396
229.69,6.231,0.1021,3.118
230.227,48.669,0.1076,2.6205
230.321,30.64,0.0777,2.8536
230.458,7.709,0.0442,2.5215
230.556,29.877,0.117,1.106
230.611,27.709,0.0723,3.5078
230.772,8.602,0.0355,2.1598
230.783,30.845,0.0756,1.1796
231.017,10.054,0.22,0.7775
231.041,29.921,0.1145,4.5741
231.053,-31.904,0.1028,3.5855
231.168,9.96,0.516,3.045
231.218,10.088,0.251,0.6246
231.436,28.428,0.1515,2.6463
231.477,18.236,0.127,2.7358
232.016,69.942,0.1136,1.7024
233.226,30.353,0.345,8.1627
233.321,31.149,0.0673,0.9213
233.758,1.347,0.32,1.3735
233.788,-46.979,0.036,0.3516
234.147,1.556,0.309,3.0654
234.436,12.006,0.134,0.6622
234.891,-83.592,0.0728,3.177
234.91,21.789,0.0411,1.4922
234.934,34.416,0.229,4.6611
234.953,30.717,0.098,3.1409
235.031,-3.308,0.1533,4.4239
235.038,17.878,0.0916,1.919
235.042,66.188,0.245,1.5112
235.222,14.759,0.441,1.2099
235.295,66.442,0.245,1.4027
236.021,53.774,0.112,0.2802
236.25,36.066,0.0654,1.5514
236.835,20.95,0.266,1.4167
237.191,-2.996,0.101,1.8321
237.31,11.389,0.226,2.3149
238.051,20.228,0.136,0.9829
238.335,51.123,0.2354,2.3664
238.573,32.628,0.075,0.9731
239.037,66.356,0.2339,4.8927
239.438,35.504,0.1549,2.6998
239.586,27.227,0.0894,8.1491
239.597,-14.168,0.097,3.8731
239.792,63.885,0.85,2.1665
240.095,33.222,0.088,1.5616
240.347,53.906,0.1068,2.1643
240.445,-75.746,0.153,6.876
240.578,16.02,0.0353,2.4052
240.759,25.404,0.0888,1.6041
241.149,17.724,0.037,1.3202
241.238,23.921,0.0326,0.9289
241.382,72.147,0.1332,1.8917
241.384,16.442,0.037,0.57
241.677,23.483,0.31,1.104
241.718,17.781,0.0321,0.3311
243.533,-63.131,0.062,1.3091
243.54,49.153,0.0579,0.788
243.548,34.424,0.269,1.3573
243.594,-60.869,0.0157,2.136
243.604,68.428,0.128,0.284
243.895,19.46,0.0308,0.3629
243.945,-6.146,0.203,11.0518
244.363,34.937,0.0315,0.6744
244.574,29.64,0.2993,3.0268
244.767,32.512,0.274,1.3447
245.09,17.389,0.112,0.4637
245.132,29.895,0.0972,2.5734
245.255,25.772,0.161,2.0112
245.353,38.169,0.463,4.811
245.898,26.57,0.4274,2.6594
246.059,41.238,0.1825,3.0851
246.586,-33.489,0.1098,4.6556
246.746,55.48,0.13,2.0841
246.848,42.678,0.0317,0.3796
246.917,40.92,0.0301,0.3868
246.995,-29.881,0.064,0.8677
247.158,39.549,0.0299,2.9626
247.437,58.524,0.1329,2.093
247.442,21.399,0.184,0.9362
247.561,24.58,0.0655,0.8776
247.77,21.365,0.098,0.4922
247.913,-75.122,0.105,4.3137
248.194,5.57,0.1514,9.0453
248.417,57.244,0.239,0.3875
248.475,-7.645,0.0974,1.6135
248.659,67.637,0.1668,1.6588
248.968,66.214,0.1709,4.6412
249.567,-64.347,0.0508,5.235
249.981,53.799,0.111,1.3678
250.089,46.706,0.228,8.7019
250.296,82.541,0.206,2.1042
250.468,40.025,0.464,2.7095
250.662,39.598,0.355,1.1442
250.804,51.25,0.199,2.6077
250.834,21.526,0.1535,1.7794
251.359,-73.582,0.069,1.8647
251.67,-60.399,0.148,3.4803
252.301,53.417,0.029,0.304
252.792,4.996,0.154,3.7563
253.068,44.82,0.1753,2.9971
253.166,40.193,0.1481,2.3606
253.232,40.153,0.1492,2.5116
253.253,-59.733,0.048,2.9939
253.597,23.57,0.0575,0.7197
253.695,58.902,0.0869,1.0678
253.757,-26.425,0.094,2.2583
253.984,-1.229,0.0408,0.6019
254.439,-1.832,0.0313,0.4656
254.452,53.029,0.479,1.9244
254.503,27.854,0.0337,0.7079
254.521,52.902,0.4655,1.8407
254.641,34.502,0.33,2.1019
254.759,32.487,0.0621,0.3038
254.904,68.438,0.0504,0.5062
254.936,34.171,0.341,1.0776
254.936,32.613,0.1013,2.0454
255.195,64.214,0.225,2.4797
255.223,-31.741,0.134,2.0331
255.344,64.236,0.453,3.1055
255.366,34.01,0.096,0.545
255.442,64.354,0.22,0.363
255.555,64.333,0.224,0.5305
255.633,33.513,0.0843,1.2416
255.679,34.062,0.0953,4.4908
255.789,59.648,0.1822,0.3926
255.953,78.644,0.0581,4.2502
256.293,-82.174,0.0737,1.8148
256.492,-74.375,0.19,3.1961
256.611,-1.54,0.0912,2.1386
257.453,34.441,0.0802,2.7548
257.762,39.694,0.0647,1.0182
258.103,-23.35,0.028,5.3123
258.197,64.061,0.0809,3.741
258.578,43.69,0.0276,0.3136
258.803,3.163,0.1647,3.6551
258.841,57.407,0.0276,0.8691
258.969,36.937,0.091,0.1532
259.043,20.357,0.1306,2.2601
259.165,64.176,0.2507,1.3161
259.329,42.444,0.1754,3.2188
259.4,36.464,0.1709,1.8713
259.455,19.683,0.178,4.6863
259.473,32.586,0.1054,1.9009
259.541,56.666,0.1138,2.6153
259.542,78.022,0.0584,1.1041
260.037,27.67,0.164,3.9006
260.039,26.627,0.1644,6.0057
260.069,35.606,0.387,6.6709
260.353,67.554,0.0861,0.1995
260.562,30.704,0.05,0.3634
260.613,32.134,0.224,7.8832
260.725,41.092,0.309,1.7916
260.847,56.978,0.0272,0.2287
260.948,85.885,0.178,4.2334
261.048,70.007,0.0386,0.0957
261.067,69.946,0.0386,0.1004
261.197,67.269,0.254,0.6962
261.744,-3.295,0.088,1.8664
261.858,70.594,0.3059,2.2352
262.165,70.685,0.5509,2.8569
262.253,74.678,0.213,0.8885
262.621,74.375,0.11,1.1791
262.913,22.864,0.389,12.8
263.261,43.763,0.0307,0.8593
263.772,64.102,0.1406,1.8453
263.949,-7.362,0.0239,0.6151
263.976,16.994,0.0858,1.0113
264.092,68.057,0.0248,0.2392
265.136,35.647,0.0428,0.9141
265.695,67.598,0.042,0.2165
265.701,39.01,0.0423,0.7743
265.847,64.672,0.179,1.0301
265.867,63.694,0.327,2.3779
266.062,32.99,0.0757,3.2372
266.318,65.938,0.608,1.3891
266.579,68.831,0.203,0.7767
266.638,68.814,0.307,0.7791
266.688,66.656,0.3864,1.0307
266.82,45.216,0.1565,2.4118
266.89,63.732,0.328,1.2009
267.173,70.342,0.345,1.1852
267.265,70.245,0.579,2.6983
267.341,42.762,0.2296,2.5705
267.422,53.579,0.0909,1.0459
267.457,68.387,0.0508,0.1182
267.569,35.082,0.1712,3.6434
267.786,65.533,0.0428,0.1943
267.878,70.226,0.4925,1.633
267.911,67.322,0.0933,0.6135
267.948,23.07,0.0132,0.1879
268.023,-63.816,0.133,3.4995
268.05,65.373,0.3923,0.8809
268.374,52.092,0.0988,0.9785
268.509,58.089,0.2263,2.7575
268.522,64.867,0.246,0.5881
268.646,69.083,0.5113,1.2281
268.665,68.056,0.077,1.4102
268.69,66.398,0.0879,0.2551
268.833,65.082,0.0846,0.1998
268.94,67.878,0.0833,0.6477
268.956,62.613,0.0266,0.3104
268.985,63.234,0.385,1.5159
269.129,65.217,0.0284,0.0674
269.332,66.527,0.6909,1.0879
269.43,-1.143,0.0728,2.0762
269.74,65.349,0.3652,0.6654
269.762,-13.554,0.045,1.6325
269.823,69.039,0.0994,0.2595
270.128,69.224,0.0823,0.9997
270.622,-52.609,0.125,2.9264
270.681,42.796,0.0502,0.4271
270.725,63.653,0.0907,0.1563
271.045,0.706,0.0882,2.949
271.065,67.489,0.0617,0.078
271.119,10.039,0.1525,4.6293
271.527,68.219,0.303,1.2736
271.604,70.478,0.0971,0.4665
271.733,65.62,0.263,2.0634
271.867,69.773,0.0941,0.2978
271.885,64.488,0.2391,0.5906
272.182,65.951,0.246,0.5266
272.255,-4.244,0.305,6.3125
272.75,49.911,0.0501,1.3478
272.83,64.793,0.451,1.5373
273.007,31.22,0.2246,0.6464
273.035,63.893,0.5408,2.0796
273.298,62.509,0.1829,0.6347
273.328,-61.458,0.147,4.4728
273.574,69.659,0.0863,0.6951
274.112,53.238,0.2764,3.045
274.135,69.193,0.2097,0.6573
274.285,70.404,0.0859,0.304
274.442,68.407,0.282,2.5934
274.792,69.161,0.205,1.0729
274.953,67.813,0.2153,0.6833
274.967,33.133,0.2796,2.9785
275.044,68.955,0.087,1.0767
275.409,68.464,0.8156,2.1004
275.656,66.691,0.0888,0.2571
275.931,56.974,0.105,0.4915
276.04,30.492,0.072,1.4197
276.079,43.164,0.487,2.8469
276.345,30.442,0.065,2.6168
276.817,61.582,0.1014,1.1746
277.265,69.231,0.2057,2.0829
278.055,68.541,0.1981,0.8186
278.14,64.831,0.1623,2.0753
278.144,68.803,0.205,3.8795
278.436,65.36,0.1621,0.8494
278.539,70.958,0.0824,1.0583
279.127,63.748,0.0834,1.2909
279.552,63.351,0.2167,1.3402
279.823,70.306,0.2297,0.8067
279.973,-21.144,0.068,1.3613
280.155,-77.156,0.0194,0.541
280.878,79.832,0.051,0.2291
280.913,50.364,0.1158,1.6858
281.008,45.557,0.0918,1.5813
281.132,-37.405,0.203,3.7241
281.678,-74.533,0.141,0.9689
281.817,73.347,0.1125,1.6911
281.833,-63.337,0.0146,0.2601
283.039,57.197,0.1094,1.9473
283.492,68.381,0.0928,2.0411
283.527,68.971,0.2415,2.9137
283.972,-66.913,0.1797,3.3117
284.415,38.008,0.0567,1.8114
285.12,69.969,0.0877,1.8375
286.055,36.447,0.078,1.2366
286.433,78.083,0.1405,3.437
287.1,69.062,0.2103,2.7969
287.537,-22.651,0.056,1.0468
287.614,67.691,0.2471,3.6878
288.168,-75.292,0.0726,2.1539
289.027,35.422,0.209,4.7777
289.399,-13.255,0.177,4.1139
289.631,-8.708,0.09,1.5296
290.287,43.958,0.0557,5.8345
291.343,37.097,0.314,6.7932
291.373,-42.949,0.0774,1.8585
291.545,48.55,0.098,2.3419
291.743,-53.703,0.057,1.4895
291.876,65.832,0.1886,2.3064
292.059,-50.93,0.1496,2.8527
292.507,-15.163,0.0829,2.1301
292.548,74.06,0.291,0.9863
292.911,-33.913,0.0972,2.3806
292.957,-26.576,0.352,5.9238
293.697,-50.897,0.2371,4.9694
293.834,67.576,0.1706,2.2605
294.578,54.159,0.26,6.0024
294.581,-47.804,0.2665,4.8355
295.429,77.162,0.048,0.0751
296.643,-42.942,0.1128,1.8573
296.83,-76.392,0.217,4.408
296.914,-5.704,0.028,0.3693
297.08,51.231,0.185,3.6363
298.069,-55.062,0.06,1.4748
298.254,-52.031,0.1069,2.5013
299.308,57.854,0.088,1.6906
299.561,-30.19,0.1171,4.1184
299.794,-34.91,0.1728,3.067
299.876,40.736,0.0561,4.2185
300.66,77.896,0.3492,2.4943
300.805,-32.792,0.256,1.3585
300.868,-55.946,0.0148,0.0652
300.877,-23.385,0.3171,5.8255
302.267,-54.358,0.0516,0.772
302.476,-48.393,0.0097,0.1374
302.476,77.742,0.3461,1.2647
302.846,-57.428,0.2786,5.1735
302.972,-35.928,0.172,0.785
303.013,-41.492,0.1496,3.0302
303.127,-56.832,0.0556,5.1696
303.556,-80.642,0.138,2.5189
303.707,-24.508,0.1612,7.1884
303.828,56.159,0.082,1.5725
304.059,-80.799,0.1309,2.249
304.607,-41.047,0.0192,0.2804
304.69,-52.706,0.0505,1.5771
305.208,-30.034,0.2073,3.6611
305.478,-52.948,0.1383,2.3826
305.757,-20.949,0.0564,1.1821
305.852,-55.592,0.232,4.396
307.7,-35.544,0.1398,2.417
307.965,-40.62,0.3416,6.624
308.037,-56.452,0.138,2.5682
308.581,-34.487,0.124,2.4943
308.675,-34.074,0.0936,2.7443
308.699,-35.813,0.0894,3.7297
308.733,-21.717,0.1947,3.4979
308.935,-25.218,0.02,0.2042
309.166,-22.789,0.18,0.9472
309.622,-1.421,0.673,1.8072
310.048,17.214,0.169,5.5278
310.425,7.357,0.0639,0.4838
310.529,24.441,0.1019,3.8223
310.803,-21.735,0.2041,4.0556
310.81,-26.49,0.0408,0.6927
312.044,-17.844,0.1475,3.6443
312.172,25.253,0.0482,1.272
312.48,-32.28,0.323,6.6
312.69,1.389,0.3334,3.6065
312.781,2.268,0.3211,4.0631
312.911,-57.073,0.0599,0.1734
313.965,-54.92,0.139,3.0097
314.091,-4.631,0.583,2.0962
314.389,13.571,0.2232,1.9567
314.563,-7.761,0.0793,1.2723
314.98,-42.759,0.323,1.0983
315.367,-41.002,0.1694,2.9774
315.395,-13.292,0.0282,0.4473
315.453,-28.035,0.0382,0.9229
315.541,-24.531,0.188,4.4993
315.858,-43.329,0.0487,0.8373
315.961,4.626,0.1694,1.3241
316.084,-41.349,0.1651,4.1199
316.226,14.028,0.1615,2.8953
316.228,-51.826,0.0491,1.3227
316.245,-82.723,0.0969,1.5506
316.518,-38.772,0.1521,3.1625
316.568,34.44,0.087,1.4955
316.705,-5.165,0.449,2.6117
316.801,-25.438,0.0381,0.6763
317.166,-5.124,0.222,0.4039
317.213,-5.28,0.319,1.1
317.916,-23.15,0.0333,0.3678
318.474,2.556,0.0494,1.6418
318.582,-68.016,0.13,0.6298
319.202,-59.498,0.0602,1.0991
321.095,-74.774,0.0586,1.1736
321.302,-6.965,0.1153,1.91
321.479,-34.724,0.0757,1.0787
321.796,-12.159,0.176,4.1441
321.875,-21.903,0.113,1.3859
322.358,-7.692,0.594,7.6632
322.419,0.097,0.2347,7.0455
322.462,-50.801,0.0796,1.6143
323.351,-71.936,0.0559,0.7945
323.569,-13.48,0.0897,2.746
323.822,1.432,0.1244,2.509
324.279,0.447,0.0509,0.2117
324.463,-42.852,0.185,1.4187
324.77,-23.552,0.32,2.6267
324.966,-22.473,0.0328,0.4378
324.994,-43.087,0.376,1.0856
325.063,-23.661,0.313,4.7
325.993,-56.626,0.0824,2.6504
326.31,3.742,0.239,1.5196
326.478,-10.104,0.0808,2.0336
326.52,4.389,0.531,2.0147
326.587,-57.289,0.076,1.8407
326.741,-43.91,0.062,1.7255
326.752,-10.318,0.078,1.2325
326.981,-46.005,0.0593,1.3764
327.281,-30.699,0.1184,2.9219
327.845,-55.353,0.0385,0.5065
327.859,13.798,0.2076,3.1093
327.97,-15.717,0.0614,1.0608
328.059,-19.705,0.0963,1.8696
328.1,-19.565,0.0943,2.6137
328.398,17.687,0.2329,8.9525
328.538,-57.855,0.076,3.0499
328.55,-4.005,0.1509,2.7138
328.92,12.534,0.192,3.6665
328.997,1.151,0.219,0.5977
329.103,33.31,0.078,2.734
329.357,-7.795,0.0579,1.2033
329.584,-20.104,0.057,0.8978
329.613,-60.4,0.075,2.0015
329.627,-9.808,0.0809,1.787
330.22,20.971,0.147,4.6339
330.462,-22.444,0.0691,1.4571
330.483,-59.949,0.098,4.589
330.524,-9.825,0.0809,1.7883
330.687,-19.036,0.438,1.1006
330.961,-21.509,0.0732,0.9762
331.419,-5.593,0.0582,2.0925
332.347,-51.815,0.1065,2.485
332.582,-12.176,0.0846,3.5139
332.941,-3.828,0.397,18.1
333.159,-17.232,0.134,0.2437
333.272,-27.9,0.061,0.9258
333.377,-16.935,0.297,1.3207
333.61,-17.023,0.153,2.9383
333.636,-10.372,0.098,3.5581
333.72,13.847,0.0253,0.3154
333.739,-14.003,0.5027,6.6031
333.925,37.305,0.019,0.4805
334.065,-9.34,0.0825,2.4124
334.235,-17.426,0.1301,3.0213
334.43,-35.726,0.1486,3.9093
334.523,-65.185,0.0951,2.7949
334.571,-3.834,0.0901,2.6804
334.668,-38.897,0.1411,3.915
334.669,-3.78,0.09,1.8693
334.705,-2.968,0.0902,1.6346
335.038,-52.467,0.102,1.5432
335.144,-35.165,0.1544,5.2077
335.558,-52.587,0.174,0.894
335.971,-1.638,0.0906,2.8449
336.115,-55.256,0.0791,1.7724
336.182,-56.535,0.0355,0.4961
336.463,-6.603,0.0897,1.9117
336.511,17.378,0.1072,2.6308
336.544,-47.75,0.113,1.2521
336.72,25.843,0.165,2.9873
336.868,-48.882,0.097,1.2756
336.969,-30.57,0.0579,1.7896
337.155,20.609,0.412,9.1224
337.214,-60.899,0.0423,0.64
337.439,-27.927,0.324,4.7366
338.629,-37.735,0.151,5.6953
338.723,-30.566,0.2515,3.7212
338.919,1.472,0.0594,1.8194
339.253,-15.269,0.299,1.7713
339.818,-17.329,0.0751,0.8395
339.852,-5.782,0.242,1.1816
339.893,-6.004,0.173,0.3678
339.912,-5.72,0.243,1.4808
340.474,17.542,0.3137,4.6179
340.721,53.018,0.192,4.0116
340.769,-20.166,0.1359,2.9585
340.839,-9.595,0.447,17.4
341.145,-17.739,0.1325,1.9078
341.271,26.63,0.304,5.5615
341.549,-36.006,0.0673,0.7013
341.578,-52.729,0.0965,3.3988
341.873,3.619,0.2,0.9718
342.137,-16.106,0.2472,4.3759
342.181,-44.529,0.3475,11.8328
342.323,-37.457,0.0289,0.307
342.488,-64.429,0.094,3.6139
342.523,11.617,0.0255,0.3203
342.587,10.902,0.0768,2.5431
342.704,-45.359,0.0511,0.5167
342.753,-16.407,0.1221,2.8944
342.948,-32.103,0.246,4.8409
343.392,-33.724,0.224,4.239
343.513,-63.254,0.2112,4.7595
344.238,5.547,0.1696,2.5751
344.456,20.94,0.297,0.9917
344.53,20.918,0.288,2.3105
345.058,29.442,0.0688,0.9868
345.688,71.621,0.145,3.4383
345.7,8.731,0.722,1.7926
345.943,15.384,0.247,2.4573
346.357,-35.762,0.201,0.7738
346.361,-51.508,0.194,0.3373
346.394,-45.221,0.1253,2.4926
346.65,-13.32,0.0659,1.3931
346.715,-13.416,0.0659,1.0851
346.763,16.524,0.2502,4.8065
346.814,-15.228,0.111,2.4769
346.917,27.27,0.11,1.1624
347.097,-2.192,0.2966,6.4393
347.61,7.577,0.0424,1.1742
347.788,11.632,0.261,3.0933
347.888,3.644,0.2998,6.8558
348.086,-21.501,0.1108,2.3576
348.178,10.725,0.31,1.3017
348.254,-21.632,0.0871,2.4758
348.494,-42.734,0.0564,2.8261
348.499,14.744,0.1627,2.6851
348.934,-37.782,0.1786,4.5563
348.938,-2.377,0.0267,0.5841
349.031,-20.455,0.0822,2.1731
349.294,18.691,0.0422,1.3354
349.523,-42.593,0.209,0.8129
349.612,18.724,0.0389,1.0268
349.632,18.705,0.0403,1.0206
349.664,42.966,0.0174,0.6152
349.775,-42.114,0.045,2.4403
349.8,-67.84,0.0286,0.3126
349.892,12.437,0.126,0.7632
349.924,-73.231,0.0984,1.8412
350.06,41.779,0.14,2.8768
350.351,-23.205,0.089,1.4552
350.389,-41.899,0.0894,2.5863
350.453,-69.699,0.1846,4.0761
350.467,15.043,0.15,2.1055
350.812,18.19,0.154,1.1469
350.913,9.148,0.1992,2.902
350.973,16.809,0.0416,1.9896
351.084,14.651,0.0428,1.4243
351.249,18.697,0.2018,1.6134
351.333,-12.127,0.0852,4.1821
351.413,-54.732,0.102,0.4374
351.567,-24.104,0.088,1.018
351.695,-52.71,0.1074,1.7895
352.208,14.887,0.497,1.3452
352.666,45.937,0.242,4.6104
352.803,-36.507,0.0957,3.2815
352.967,-37.786,0.28,0.9135
353.471,21.677,0.1022,1.536
353.52,7.071,0.099,1.175
353.771,27.37,0.0613,1.336
353.905,2.292,0.3877,0.9785
354.034,20.623,0.0601,0.9297
354.071,-31.61,0.0643,1.2886
354.126,21.142,0.0565,1.8057
354.174,23.93,0.1245,2.8284
354.419,0.277,0.2779,5.4242
354.607,27.013,0.0309,1.2154
355.043,-85.178,0.1934,3.4143
355.134,10.491,0.18,2.3115
355.276,0.315,0.11,1.4044
355.32,-9.028,0.251,4.7207
356.067,-4.368,0.0786,2.8221
356.12,-21.893,0.1122,1.443
356.238,9.198,0.04,1.8752
356.677,-10.47,0.1911,2.944
356.852,-2.314,0.0223,0.2447
356.93,-28.141,0.03,2.0383
357.054,-28.817,0.226,3.0488
357.223,-31.287,0.184,1.0831
357.538,-3.653,0.1466,2.1495
357.64,29.498,0.1498,2.8368
357.644,29.531,0.095,2.0019
357.711,6.161,0.0562,1.936
357.919,-26.084,0.2264,7.8996
358.556,-10.413,0.0765,2.316
358.798,-15.008,0.0857,0.3897
358.909,11.343,0.0726,1.6934
358.925,11.647,0.0729,1.0647
358.957,34.386,0.148,2.1719
359.26,-34.761,0.0475,2.6658
359.83,-60.7,0.0989,1.9699
359.864,-34.306,0.115,0.7568
359.9,-32.185,0.478,1.4784
359.982,-39.48,0.1024,2.1579
